currency_code,currency
None,Abkhazian apsar
RUB,Russian ruble
AFN,Afghan afghani
EUR,Euro
ALL,Albanian lek
None,Alderney pound
GBP,British pound
GGP,Guernsey pound
DZD,Algerian dinar
EUR,Euro
AOA,Angolan kwanza
XCD,East Caribbean dollar
XCD,East Caribbean dollar
ARS,Argentine peso
AMD,Armenian dram
AWG,Aruban florin
SHP,Saint Helena pound
AUD,Australian dollar
EUR,Euro
AZN,Azerbaijani manat
BSD,Bahamian dollar
BHD,Bahraini dinar
BDT,Bangladeshi taka
BBD,Barbadian dollar
BYR,Belarusian ruble
EUR,Euro
BZD,Belize dollar
XOF,West African CFA franc
BMD,Bermudian dollar
BTN,Bhutanese ngultrum
INR,Indian rupee
BOB,Bolivian boliviano
USD,United States dollar
BAM,Bosnia and Herzegovina convertible mark
BWP,Botswana pula
BRL,Brazilian real
USD,United States dollar
None,British Virgin Islands dollar
USD,United States dollar
BND,Brunei dollar
SGD,Singapore dollar
BGN,Bulgarian lev
XOF,West African CFA franc
MMK,Burmese kyat
BIF,Burundian franc
KHR,Cambodian riel
XAF,Central African CFA franc
CAD,Canadian dollar
CVE,Cape Verdean escudo
KYD,Cayman Islands dollar
XAF,Central African CFA franc
XAF,Central African CFA franc
CLP,Chilean peso
CNY,Chinese yuan
AUD,Australian dollar
COP,Colombian peso
KMF,Comorian franc
CDF,Congolese franc
XAF,Central African CFA franc
NZD,New Zealand dollar
CRC,Costa Rican colón
XOF,West African CFA franc
HRK,Croatian kuna
CUC,Cuban convertible peso
CUP,Cuban peso
ANG,Netherlands Antillean guilder
EUR,Euro
CZK,Czech koruna
DKK,Danish krone
DJF,Djiboutian franc
XCD,East Caribbean dollar
DOP,Dominican peso
USD,United States dollar
None,None
USD,United States dollar
EGP,Egyptian pound
USD,United States dollar
XAF,Central African CFA franc
ERN,Eritrean nakfa
EUR,Euro
ETB,Ethiopian birr
FKP,Falkland Islands pound
DKK,Danish krone
None,Faroese króna
FJD,Fijian dollar
EUR,Euro
EUR,Euro
XPF,CFP franc
XAF,Central African CFA franc
GMD,Gambian dalasi
GEL,Georgian lari
EUR,Euro
GHS,Ghana cedi
GIP,Gibraltar pound
EUR,Euro
XCD,East Caribbean dollar
GTQ,Guatemalan quetzal
GBP,British pound
None,Guernsey pound
GNF,Guinean franc
XOF,West African CFA franc
GYD,Guyanese dollar
HTG,Haitian gourde
HNL,Honduran lempira
HKD,Hong Kong dollar
HUF,Hungarian forint
ISK,Icelandic króna
INR,Indian rupee
IDR,Indonesian rupiah
IRR,Iranian rial
IQD,Iraqi dinar
EUR,Euro
GBP,British pound
IMP,Manx pound
ILS,Israeli new shekel
EUR,Euro
JMD,Jamaican dollar
JPY,Japanese yen
GBP,British pound
JEP,Jersey pound
JOD,Jordanian dinar
KZT,Kazakhstani tenge
KES,Kenyan shilling
AUD,Australian dollar
None,Kiribati dollar
KPW,North Korean won
KRW,South Korean won
EUR,Euro
KWD,Kuwaiti dinar
KGS,Kyrgyzstani som
LAK,Lao kip
EUR,Euro
LBP,Lebanese pound
LSL,Lesotho loti
ZAR,South African rand
LRD,Liberian dollar
LYD,Libyan dinar
CHF,Swiss franc
LTL,Lithuanian litas
EUR,Euro
MOP,Macanese pataca
MKD,Macedonian denar
MGA,Malagasy ariary
MWK,Malawian kwacha
MYR,Malaysian ringgit
MVR,Maldivian rufiyaa
XOF,West African CFA franc
EUR,Euro
USD,United States dollar
MRO,Mauritanian ouguiya
MUR,Mauritian rupee
MXN,Mexican peso
None,Micronesian dollar
USD,United States dollar
MDL,Moldovan leu
EUR,Euro
MNT,Mongolian tögrög
EUR,Euro
XCD,East Caribbean dollar
MAD,Moroccan dirham
MZN,Mozambican metical
AMD,Armenian dram
None,Nagorno-Karabakh dram
NAD,Namibian dollar
ZAR,South African rand
AUD,Australian dollar
None,Nauruan dollar
NPR,Nepalese rupee
EUR,Euro
XPF,CFP franc
NZD,New Zealand dollar
NIO,Nicaraguan córdoba
XOF,West African CFA franc
NGN,Nigerian naira
NZD,New Zealand dollar
None,Niue dollar
TRY,Turkish lira
NOK,Norwegian krone
OMR,Omani rial
PKR,Pakistani rupee
None,Palauan dollar
USD,United States dollar
ILS,Israeli new shekel
JOD,Jordanian dinar
PAB,Panamanian balboa
USD,United States dollar
PGK,Papua New Guinean kina
PYG,Paraguayan guaraní
PEN,Peruvian nuevo sol
PHP,Philippine peso
NZD,New Zealand dollar
None,Pitcairn Islands dollar
PLN,Polish z?oty
EUR,Euro
QAR,Qatari riyal
RON,Romanian leu
RUB,Russian ruble
RWF,Rwandan franc
USD,United States dollar
DZD,Algerian dinar
MRO,Mauritanian ouguiya
MAD,Moroccan dirham
None,Sahrawi peseta
SHP,Saint Helena pound
XCD,East Caribbean dollar
XCD,East Caribbean dollar
XCD,East Caribbean dollar
WST,Samoan t?l?
EUR,Euro
STD,São Tomé and Príncipe dobra
SAR,Saudi riyal
XOF,West African CFA franc
RSD,Serbian dinar
SCR,Seychellois rupee
SLL,Sierra Leonean leone
BND,Brunei dollar
SGD,Singapore dollar
USD,United States dollar
ANG,Netherlands Antillean guilder
EUR,Euro
EUR,Euro
SBD,Solomon Islands dollar
SOS,Somali shilling
None,Somaliland shilling
ZAR,South African rand
GBP,British pound
None,South Georgia and the South Sandwich Islands pound
RUB,Russian ruble
EUR,Euro
SSP,South Sudanese pound
LKR,Sri Lankan rupee
SDG,Sudanese pound
SRD,Surinamese dollar
SZL,Swazi lilangeni
SEK,Swedish krona
CHF,Swiss franc
SYP,Syrian pound
TWD,New Taiwan dollar
TJS,Tajikistani somoni
TZS,Tanzanian shilling
THB,Thai baht
XOF,West African CFA franc
TOP,Tongan pa?anga
PRB,Transnistrian ruble
TTD,Trinidad and Tobago dollar
SHP,Saint Helena pound
None,Tristan da Cunha pound
TND,Tunisian dinar
TRY,Turkish lira
TMT,Turkmenistan manat
USD,United States dollar
AUD,Australian dollar
None,Tuvaluan dollar
UGX,Ugandan shilling
UAH,Ukrainian hryvnia
AED,United Arab Emirates dirham
GBP,British pound
USD,United States dollar
UYU,Uruguayan peso
UZS,Uzbekistani som
VUV,Vanuatu vatu
EUR,Euro
VEF,Venezuelan bolívar
VND,Vietnamese ??ng
XPF,CFP franc
YER,Yemeni rial
ZMW,Zambian kwacha
BWP,Botswana pula
GBP,British pound
EUR,Euro
ZAR,South African rand
USD,United States dollar
